MolecularWeight,LogP,NumHDonors,NumHAcceptors,TPSA,NumRotatableBonds,molecule_chembl_id,canonical_smiles,log_standard_value
244.246,2.524400000000001,1,4,59.67,3,CHEMBL4166095,O=C(/C=C/c1ccc(O)c(O)c1)c1cccnc1,3.954290761701127
546.1330000000002,5.321300000000005,0,5,70.16,6,CHEMBL181529,COc1cc(/C=C/c2cc(/C=C/c3ccc(O)c(OC)c3)on2)ccc1O,3.8692904042093983
315.369,2.846300000000001,1,5,62.91,7,CHEMBL3589108,COc1cc2oc(-c3ccc(O)cc3)cc(=O)c2c(O)c1Oc1ccc(-c2cc(=O)c3c(O)cc(O)cc3o2)cc1,4.698978690138799
268.295,2.9632000000000014,2,4,63.83,3,CHEMBL164,O=c1c(O)c(-c2cc(O)c(O)c(O)c2)oc2cc(O)cc(O)c12,4.179005708
280.331,2.832700000000001,2,5,73.06,4,CHEMBL3740979,CC1=NN(c2cc(C)ccc2C)C(=O)C1,4.698978690138799
286.23900000000003,2.2824000000000004,4,6,111.13,1,CHEMBL3594079,COc1cc(-c2cc(-c3c(O)cccc3O)[nH]n2)cc(OC)c1O,3.4625477288026643
455.55800000000033,5.232200000000004,2,5,84.22999999999999,8,CHEMBL2436696,O=c1cc(-c2ccccc2)oc2cc(OCCCCCN3CCN(CCNc4c5c(nc6ccccc46)CCCC5)CC3)ccc12,4.107243897578974
218.208,2.1760000000000006,4,4,80.92,1,CHEMBL2063873,Cc1ccc(NS(=O)(=O)c2ccc(Cl)cc2)c(/N=C/c2cc(Cl)cc(Cl)c2O)c1,4.792398694191473
436.9870000000003,5.529000000000005,2,5,51.63,6,CHEMBL4070462,CC(C)Nc1nc(NCCc2ccccc2)c2ccccc2n1,3.579897869603104
445.3520000000002,2.1523,3,8,141.40000000000003,4,CHEMBL3891777,CO[C@H]1CC[C@]2(CC1)Cc1ccc(C#CC3CCC3)cc1[C@@]21N=C(C)C(N)=N1,0.4913616938342727
448.5260000000001,6.214400000000006,2,4,75.82,8,CHEMBL3814134,Nc1nc(NCc2ccccc2)nc2ccccc12,3.9243309847086794
202.261,2.0323,2,4,63.83,2,CHEMBL140,COc1cc(/C=C/C(=O)CC(=O)/C=C/c2ccc(O)c(OC)c2)ccc1O,4.301051709845226
509.6440000000002,2.957600000000001,1,6,90.39,7,CHEMBL231248,O=C(OCCCC1CCc2ccccc2N1S(=O)(=O)c1ccc(Cl)cc1)N1CCC(N2CCCCC2)CC1,1.7853298350107671
360.4570000000001,4.946300000000006,3,4,55.73,6,CHEMBL2203383,Cn1ccc2cc(-c3nc4ccc(F)nc4o3)ccc21,0.9542425094393248
476.9200000000001,5.084900000000005,2,8,102.52,7,CHEMBL4853496,CCN(CC)CCCOc1ccc(/C=C/c2cc(=O)c(O)cn2C)cc1,3.730862992046494
286.23900000000003,2.282400000000001,4,6,111.13,1,CHEMBL448891,COc1cc2c(cc1OC)[C@@H]1Cc3ccc(O)c(OC)c3CN1CC2,4.698978690138799
338.41100000000006,3.343300000000002,2,6,68.30000000000001,7,CHEMBL3934479,O=S(=O)(CC[C@@H]1OCC[C@@]2(S(=O)(=O)c3ccc(Cl)cc3)c3c(F)ccc(F)c3OCC12)Cc1ccccn1,0.4623979978989561
471.0190000000001,3.787700000000004,1,5,87.15,6,CHEMBL208230,CCC[C@H](C(N)=O)[C@@H](CC(C)C)C(=O)N[C@H]1CCCCN(Cc2cccc(NN3CCCCC3)c2)C1=O,1.875061263
593.5140000000002,4.900700000000003,1,5,89.54,5,CHEMBL3814813,CCCNc1nc(N)nc2ccccc12,4.173215414714885
632.8900000000003,6.267400000000007,2,8,83.14,24,CHEMBL5422668,Nc1ccc(NCCC[C@@H]2CCCN3CCCC[C@H]23)c2c(=O)c3ccccc3sc12,3.1142772965615864
287.29400000000004,3.2798000000000007,1,5,60.18,5,CHEMBL492024,COc1ccc2oc(/C=C/c3ccc(N)cc3)cc2c1,2.9143431571194407
550.7000000000004,4.720100000000003,3,6,122.99,12,CHEMBL258741,COc1cc(/C=C/c2cc(/C=C/c3ccc(O)c(OC)c3)n(-c3ccccc3)n2)ccc1O,3.000434077479319
318.237,1.6935999999999998,6,8,151.59,1,CHEMBL3594076,COc1cc(-c2cc(-c3c(O)cccc3O)[nH]n2)ccc1O,3.633569442554092
365.43600000000015,5.410100000000004,0,3,37.6,3,CHEMBL3582126,C[C@]1(O)c2ccc3c(c2C(=O)c2occ([C@@H](O)CCO)c21)CCC3=O,4.981823135765216
444.5310000000001,4.110100000000003,2,4,76.66,11,CHEMBL5422760,Cc1ccc(NCCCSC[C@@H]2CCCN3CCCC[C@H]23)c2c(=O)c3ccccc3sc12,3.633569442554092
431.5400000000003,2.4891000000000005,1,6,70.47,6,CHEMBL5409312,Cc1ccc(NC[C@@H]2CCCN3CCCC[C@H]23)c2c(=O)c3ccccc3oc12,4.681250285083047
268.295,2.9632000000000014,2,4,63.83,3,CHEMBL3741747,CC1=NN(c2ccc(-n3c(-c4ccccc4)cc4ccccc43)cc2)C(=O)C1,4.292278228672973
443.3610000000001,1.3888999999999998,3,9,150.63,6,CHEMBL3667037,N#CCCC(C(=O)/C=C/c1ccc(O)c(OC(F)(F)F)c1)C(=O)/C=C/c1ccc(O)c(OC(F)(F)F)c1,2.478566495593844
402.4980000000001,4.360600000000005,2,6,72.72,6,CHEMBL1087548,CNc1ccc(-c2nc3ccc(C(N)=O)cc3s2)cn1,1.934498451243568
466.073,6.371400000000007,2,5,43.43,10,CHEMBL4102655,CCCNc1nc(NCCc2ccc(OC)c(OC)c2)c2ccccc2n1,3.633569442554092
368.3850000000001,3.3699000000000026,2,6,93.06000000000002,8,CHEMBL453479,COc1ccc(-c2cc(=O)c3c(O)cc(OC)c(-c4cc(-c5cc(=O)c6c(O)cc(O)cc6o5)ccc4OC)c3o2)cc1,4.698978690138799
550.6810000000003,4.087000000000002,2,8,101.89999999999998,13,CHEMBL4740154,C#CCN(C)CCCn1ccc(=O)c(O)c1C,3.454997217
356.43300000000005,4.126480000000003,4,4,92.32,3,CHEMBL3692697,O=C(CCc1cc(C(F)(F)F)ccc1C(F)(F)F)Nc1ccc2c(c1)C[C@H]1CC[C@@H](C2)[C@H]1NS(=O)(=O)c1ccc(Cl)s1,5.799341238809356
368.3850000000001,3.3699000000000026,2,6,93.06000000000002,8,CHEMBL3814189,Nc1nc(NCc2ccc(F)cc2)nc2ccccc12,4.397957380103888
298.29800000000006,2.8691,4,5,98.6,3,CHEMBL3327246,COc1ccc2oc(=O)c(C(=O)NCCCCCCCNc3c4c(nc5ccccc35)CCCC4)cc2c1,4.127137207191501
514.0880000000002,3.3294000000000024,1,6,90.39,7,CHEMBL230931,O=C(OCCCC1CCc2ccccc2N1S(=O)(=O)c1ccc(Cl)cc1)N1CCN(CCO)CC1,2.833147111912785
368.3850000000001,3.3699000000000026,2,6,93.06000000000002,8,CHEMBL3814363,Cc1cccc(CNc2nc(N)nc3ccccc23)c1,4.397957380103888
251.289,2.9475000000000007,2,4,58.040000000000006,3,CHEMBL4107875,COCC#Cc1cnc(C(=O)Nc2ccc(F)c([C@@]3(C)N=C(N)OCC3(F)F)n2)c(Cl)c1,1.9138138523837167
548.8200000000004,4.413400000000004,3,7,55.040000000000006,14,CHEMBL165,Oc1ccc(/C=C/c2cc(O)cc(O)c2)cc1,4.184719815150271
268.295,2.9632000000000014,2,4,63.83,3,CHEMBL3740581,CC1=NN(c2cccc(N3CCCC3)c2)C(=O)C1,4.225335132
602.8200000000004,5.942200000000006,4,6,105.14,20,CHEMBL319756,CN(C)CCNCc1cc(NC(=O)CN2CCCCC2)cc(Nc2ccnc3cc(Cl)ccc23)c1,3.3012470886362117
364.478,4.3607200000000015,4,5,81.41999999999999,7,CHEMBL3622258,CC(C)c1c(NC(=O)/C=C/c2ccc(O)c(O)c2)cc2c(c1[N+](=O)[O-])CC[C@H]1[C@](C)(CNC(=O)/C=C/c3ccc(O)c(O)c3)CCC[C@]21C,3.597804842404293
485.63700000000006,9.043959999999998,0,5,50.82,6,CHEMBL2425955,Cc1nc2cc(/C=C/C(=O)NO)ccc2c(=O)n1-c1ccccc1,4.264841425329148
329.201,3.5866000000000016,2,4,63.83,3,CHEMBL3800453,O=C(COC(=O)c1ccc(O)c(O)c1)Nc1c2c(nc3ccccc13)CCCC2,1.2638726768652235
123.11099999999998,0.7797999999999999,1,2,50.19,1,CHEMBL2402160,CN(C)c1ccc(O)c(CNc2ccc(/C=C/c3cc(O)cc(O)c3)cc2)c1,3.813647695346897
364.401,4.178900000000003,3,5,87.60000000000001,6,CHEMBL140,COc1cc(/C=C/C(=O)CC(=O)/C=C/c2ccc(O)c(OC)c2)ccc1O,3.917558020825436
342.39100000000013,2.607400000000001,2,5,87.74000000000001,0,CHEMBL3330751,COc1ccc(-c2cc3c(s2)c2sc(-c4ccc(C=O)s4)cc2n3C(C)(C)C)cc1,2.5809249756756194
250.305,2.8241000000000014,2,4,63.83,3,CHEMBL3815140,CC(C)Nc1nc(N)c2ccccc2n1,4.397957380103888
445.5160000000003,2.3515999999999995,4,7,133.82999999999998,10,CHEMBL5080033,COCCOc1cnc(C(=O)Nc2ccc(F)c([C@]3(C)CO[C@@](C)(C(F)(F)F)C(N)=N3)n2)c(N)n1,1.380211241711606
390.5310000000001,4.719300000000005,0,5,45.400000000000006,4,CHEMBL4851224,CNS(=O)(=O)c1cc(C(=O)OC)c(NCc2ccco2)cc1Cl,4.747807852984134
270.24,2.576800000000001,3,5,90.9,1,CHEMBL4225384,CN1CCN(Cc2ccccc2Nc2cc(C(=O)NCCN3CCCCC3)cc(C(=O)NCCN3CCCCC3)c2)CC1,4.000043427276863
531.0740000000003,5.664400000000004,2,4,75.27000000000001,6,CHEMBL3659993,CC(=O)CC[C@@H]1OCC[C@@]2(S(=O)(=O)c3ccc(Cl)cc3)c3c(F)ccc(F)c3OC[C@@H]12,0.9030899869919436
622.1779999999998,6.522200000000008,0,5,70.16,6,CHEMBL205400,CCC[C@H](C(=O)NCc1ccco1)[C@@H](CC(C)C)C(=O)N[C@H]1CCCCN(Cc2cccc(Oc3ccccc3)c2)C1=O,3.477265995424853
234.299,0.81742,1,4,45.47,5,CHEMBL5431087,O=c1ccoc(/C=C/c2ccc(N3CCOCC3)cc2)c1O,4.378960846770892
320.10900000000004,2.9093000000000018,4,5,90.15,1,CHEMBL140,COc1cc(/C=C/C(=O)CC(=O)/C=C/c2ccc(O)c(OC)c2)ccc1O,4.352394787974109
529.3890000000001,5.6797800000000045,2,7,116.85000000000002,10,CHEMBL3814159,CNc1cccc(NCCc2cccc(NCc3ccccn3)n2)n1,4.113976758289846
552.4910000000004,5.437000000000006,5,10,170.79999999999998,4,CHEMBL319756,CN(C)CCNCc1cc(NC(=O)CN2CCCCC2)cc(Nc2ccnc3cc(Cl)ccc23)c1,3.322426052405953
430.3370000000001,2.5832000000000006,3,7,128.51,4,CHEMBL3672698,CC1=N[C@]2(N=C1N)c1cc(-c3cc(Cl)cc(C#N)c3)ccc1C[C@]21CC[C@@H](O)CC1,0.414973348
527.6340000000002,3.096700000000002,1,6,90.39,7,CHEMBL231351,O=C(NCCCn1ccnc1)OC[C@H]1CC[C@@H](c2ccccc2)N1S(=O)(=O)c1ccc(Cl)cc1,2.813580988568192
343.81400000000014,3.9550000000000023,1,5,56.27,6,CHEMBL3905561,COc1ccc(S(=O)(=O)CC[C@@H]2OCC[C@@]3(S(=O)(=O)c4ccc(Cl)cc4)c4c(F)ccc(F)c4OCC23)cn1,1.2430380486862944
471.27700000000016,4.020000000000002,2,5,89.6,3,CHEMBL4877129,COc1cc(/C=C/C(=O)N2CCC[C@H]2C(=O)NCCOc2ccccc2)ccc1OCc1ccccc1,3.934043719035525
335.363,2.1578,2,5,84.22,5,CHEMBL2402157,Oc1cc(O)cc(/C=C/c2ccc(NCc3ccccc3O)cc2)c1,4.009493388
251.289,2.861200000000001,0,3,45.56,2,CHEMBL3582127,C[C@]1(O)c2ccc3c(c2C(=O)c2occ(CCCO)c21)CCC3=O,4.447173541582463
438.3980000000002,1.87628,2,9,144.10000000000002,5,CHEMBL4848839,CCN(CC)C(=O)CCc1ccc(OCc2ccccc2)c(OC)c1,4.543211018740005
593.6730000000002,6.473600000000006,0,10,115.55000000000004,12,CHEMBL4870117,Cc1oc(/C=C/c2ccc(OCCCN3CCCC3)cc2)cc(=O)c1O,3.8457799671118895
440.8740000000002,2.48042,1,10,100.26,4,CHEMBL5286183,Cc1ccc(NCC[C@@H]2CCCN3CCCC[C@H]23)c2c(=O)c3ccccc3sc12,2.924795995797912
471.27700000000016,4.020000000000002,2,5,89.6,3,CHEMBL4877193,CCN(CC)C(=O)C1CN(C(=O)/C=C/c2ccc(OCc3ccccc3)c(OC)c2)C1,4.106564834846764
499.68600000000026,8.50716,0,7,61.74,4,CHEMBL2436703,O=c1cc(-c2ccccc2)oc2cc(OCCCN3CCN(CCCNc4c5c(nc6ccccc46)CCCC5)CC3)cc(O)c12,3.81298016603948
284.75,3.477500000000002,2,4,63.83,3,CHEMBL3740346,CC1=NN(c2ccc(C(F)(F)F)cc2)C(=O)C1,4.698978690138799
364.4530000000001,2.1042999999999994,2,5,77.15,6,CHEMBL140,COc1cc(/C=C/C(=O)CC(=O)/C=C/c2ccc(O)c(OC)c2)ccc1O,3.7324741772811936
400.8430000000001,3.0439000000000025,2,7,84.06,3,CHEMBL573,O=C(O)c1cccnc1,4.6404913749455465
388.4270000000001,2.947520000000001,3,5,100.01,5,CHEMBL2402163,CN(C)c1ccc(/C=C/c2ccc(NCc3cc(N(C)C)ccc3O)cc2)cc1,4.027797943
454.5260000000001,5.700600000000007,2,6,76.74,8,CHEMBL5396832,CC(C)[C@H](Nc1c(NC[C@H](Cc2ccccc2)NC(=O)OC(C)(C)C)c(=O)c1=O)C(=O)O,3.887110703124884
284.2710000000001,2.5661,5,5,109.6,2,CHEMBL116438,COc1cc(/C=C/C(=O)/C=C(O)/C=C/c2ccc(O)c(OC)c2)ccc1O,4.041432164680265
478.1270000000004,6.3993000000000055,2,5,54.02,10,CHEMBL181529,COc1cc(/C=C/c2cc(/C=C/c3ccc(O)c(OC)c3)on2)ccc1O,2.143014800254095
536.7170000000003,5.000000000000004,3,5,113.76,13,CHEMBL427548,O=C(O)C1(c2ccc(-c3ccc(-c4ccc(F)cc4)c(F)c3)c(F)c2)CC1,4.762686064430917
258.256,2.4899000000000004,0,5,55.05,2,CHEMBL2059218,CSc1nc(/C=C/c2ccc(N(C)C)c(O)c2)cc(/C=C/c2ccc(N(C)C)c(O)c2)n1,3.041787318971752
292.3860000000001,4.0622000000000025,2,4,49.84,5,CHEMBL4111103,CC(F)(F)c1cnc(C(=O)Nc2ccc(F)c([C@@]3(C)N=C(N)OCC3(F)F)n2)c(N)n1,2.492760389026837
267.26300000000003,3.5206000000000017,0,4,43.85,1,CHEMBL2059206,CN(C)c1ccc(/C=C/c2cc(/C=C/c3ccc(N(C)C)c(O)c3)ncn2)cc1O,3.531606631932722
529.6500000000003,3.3443000000000023,1,6,90.39,7,CHEMBL231448,O=C(OC[C@H]1CC[C@@H](c2ccccc2)N1S(=O)(=O)c1ccc(Cl)cc1)N1CCN(CCO)CC1,2.733197265106569
660.9040000000002,5.294000000000005,4,8,111.62,20,CHEMBL94521,O=C(CN1CCCCC1)Nc1cc(CN2CCOCC2)cc(Nc2ccnc3cc(Cl)ccc23)c1,3.4915017662373264
386.2490000000002,3.422900000000002,2,5,67.15,3,CHEMBL4751082,O=C(NO)c1ccc(Nc2c3ccccc3nc3ccc(OC(F)(F)F)cc23)cc1,3.5441921107650325
453.80800000000016,2.0606,3,7,122.72,3,CHEMBL3898248,CO[C@H]1CC[C@]2(CC1)Cc1ccc(OCCC(F)(F)F)cc1[C@@]21N=C(C)C(N)=N1,0.2304489213782739
588.8230000000002,11.350299999999985,0,6,25.24,6,CHEMBL181529,COc1cc(/C=C/c2cc(/C=C/c3ccc(O)c(OC)c3)on2)ccc1O,3.832572775
311.33700000000005,2.2175,3,3,86.63000000000001,6,CHEMBL4092433,CN(C)c1ccc(/C=C/c2cc(=O)c(O)c[nH]2)cc1,4.465695074
302.23800000000006,1.988,5,7,131.36,1,CHEMBL3593282,CCCOc1ccc2c(c1)N(CC)/C(=C/C=C/c1sc3ccccc3[n+]1CC)S2.[I-],2.9036325160842376
446.9820000000003,5.384780000000006,1,5,83.75999999999999,2,CHEMBL165,Oc1ccc(/C=C/c2cc(O)cc(O)c2)cc1,4.118958777766434
392.5680000000001,5.399520000000005,1,4,32.34,3,CHEMBL3609749,COc1cc(-c2cn([C@H]3CCc4c(F)cccc4N(CC(F)(F)F)C3=O)nn2)ccc1-n1cnc(C)c1,2.120573931
515.6980000000003,6.101400000000007,1,6,56.25000000000001,14,CHEMBL1208903,COc1ccc(-c2cc(=O)c3c(O)cc(O)c(-c4cc(-c5cc(=O)c6c(O)cc(O)cc6o5)ccc4OC)c3o2)cc1,4.004364371107752
296.12,3.352400000000001,2,3,62.47,4,CHEMBL513978,CC(C)=CCC/C(C)=C/CC/C(C)=C/Cc1c(O)cc(C)c(C(=O)O)c1O,4.307517431203132
588.7520000000002,6.385600000000006,1,7,70.84,10,CHEMBL2408104,CCCCCCCCCCCCNC(=O)c1ccc(/C=C/C(=O)c2ccc(OC)cc2O)cc1,4.201424437579911
375.4240000000001,4.850800000000005,2,5,71.81,6,CHEMBL236188,CC[C@@H]1CCC[C@H](C2(OC(=O)N3CCN(C(C)(C)CO)CC3)CC2)N1S(=O)(=O)c1ccc(F)c(F)c1,1.3222192947339193
500.6830000000003,6.815600000000008,1,5,53.010000000000005,15,CHEMBL63354,O=c1cc(-c2ccc(O)c(-c3c(O)cc(O)c4c(=O)cc(-c5ccc(O)cc5)oc34)c2)oc2cc(O)cc(O)c12,3.681331705969166
566.648,6.716000000000007,0,5,42.010000000000005,7,CHEMBL3814125,Nc1nc(NCc2cccc(Br)c2)nc2ccccc12,3.1763806922432702
255.277,2.6614000000000004,1,5,62.39,2,CHEMBL489979,CN(C)c1ccc(/C=C/c2cc3cc(Br)ccc3o2)cc1,2.673020907128896
325.3680000000001,3.007200000000001,2,6,76.5,6,CHEMBL4112705,C[C@]1(c2nc(NC(=O)c3ncc(C(F)F)nc3N)ccc2F)N=C(N)OCC1(F)F,1.7853298350107671
454.5260000000001,5.700600000000007,2,6,76.74,8,CHEMBL4846443,Cn1cc(O)c(=O)cc1/C=C/c1ccc(OCCCN2CCCCC2)cc1,3.4101020766428607
373.47200000000015,3.539400000000001,1,5,69.2,4,CHEMBL3889997,COc1cc(/C=C/C(=O)CC(=O)/C=C/c2cccnc2)ccc1O,4.000043427276863
552.4910000000003,5.437000000000007,5,10,170.79999999999998,4,CHEMBL4227244,c1ccc(-c2cc(CNCCN3CCCCC3)cc(CNCCN3CCCCC3)c2)c(CN2CCOCC2)c1,4.000043427276863
492.04100000000017,4.014300000000003,0,5,70.16,6,CHEMBL200077,CCCN(CCC)C(=O)c1cccc(C(=O)N[C@@H](Cc2ccccc2)[C@@H](N)C[C@@H](C)C(=O)Nc2ccc(F)cc2)c1,2.257678574869185
552.1810000000004,5.671400000000006,0,5,70.16,7,CHEMBL205907,CCC[C@H](C(N)=O)[C@@H](CC(C)C)C(=O)N[C@H]1CCCCN(Cc2cccc(Nc3ccccc3)c2)C1=O,1.2041199826559248
244.229,2.4656,1,5,63.84,2,CHEMBL2059388,Oc1ccc(/C=C/c2cc(O)cc(/C=C/c3ccc(O)cc3)c2)cc1,3.204391332
527.6810000000003,5.258200000000005,3,4,98.74,14,CHEMBL372751,CC1(C)CCC(c2ccc(-c3ccc(C4(C(=O)O)CC4)cc3F)cc2)CC1,5.004325673706721
365.3850000000001,4.443800000000003,2,6,84.95,6,CHEMBL4874405,CCN(CCCCCCOc1ccc(C(=O)/C=C/c2ccc(N(C)C)cc2)c(O)c1)Cc1ccc(N(C)C)cc1,3.140193678578631
543.7520000000002,6.881600000000009,1,6,56.25000000000001,16,CHEMBL208988,COc1ccc(-c2cc(=O)c3c(O)cc(O)cc3o2)cc1-c1c(OC)cc(O)c2c(=O)cc(-c3ccc(O)cc3)oc12,4.698978690138799
204.229,1.8078,0,3,41.9,2,CHEMBL3087674,CC(C)Cc1ccc(C(C)C(=O)NCCCNCCCNC2=CC(=O)C(NCCCNCCCNC(=O)C(C)c3ccc(CC(C)C)cc3)=CC2=O)cc1,3.68403703748652
231.226,2.39,2,2,53.09,2,CHEMBL3672730,COC1CCC2(CCc3ccc(-c4cc(Cl)cc(C#N)c4)cc3C23N=C(C)C(N)=N3)CC1,0.6127838567197355
280.415,4.412320000000004,0,2,16.130000000000003,1,CHEMBL5430188,O=C1C(=O)N2CCc3cc4c(c5c3c2c1c1ccccc15)OCO4,4.698978690138799
452.3520000000002,5.366500000000005,2,5,83.39,6,CHEMBL236187,CC[C@@H]1CCC[C@H](C2(OC(=O)N3CCC(N4CCCCC4)CC3)CC2)N1S(=O)(=O)c1ccc(F)cc1,2.0644579892269186
280.32699999999994,3.474800000000002,0,3,41.9,3,CHEMBL3403822,CCO[C@@H]([C@H]1C[C@@H](C)[C@H]2[C@H](O1)[C@H](O)[C@@]1(C)[C@@H]3CC[C@H]4C(C)(C)[C@@H](O[C@H]5CN(CC6CN(C(C)C)C6)CCO5)CC[C@@]45C[C@@]35CC[C@]21C)C(C)(C)O,2.0453229787866576
329.35900000000004,4.250600000000002,3,4,74.25,3,CHEMBL4226059,COc1ccc(/C=C/C(=O)N2CCN(Cc3ccc(O)c4ncccc34)CC2)cc1OC,4.277402904076827
424.77000000000015,2.588480000000001,2,7,126.28,3,CHEMBL1090209,O=S(=O)(N[C@@H]1CC[C@@]2(S(=O)(=O)c3ccc(Cl)cc3)c3c(F)ccc(F)c3OC[C@H]2C1)C(F)(F)F,1.4471580313422192
428.5760000000002,6.176600000000008,0,4,24.940000000000005,8,CHEMBL429449,CC(C)(CO)N1CCN(C(=O)O[C@H]2CCC3CCCC2N3S(=O)(=O)c2ccc(Cl)cc2)CC1,1.7634279935629371
368.3850000000001,3.3699000000000026,2,6,93.06000000000002,8,CHEMBL5199187,Cc1ccc2nc3c(c(NCCN4CCOCC4)c2c1)CCCC3,4.177276711258586
250.301,3.4662000000000024,0,2,32.67,2,CHEMBL3582129,C[C@@]1(O)c2ccc3c(c2C(=O)c2occ([C@@H](O)CCO)c21)CCC3=O,4.856734930597929
467.83500000000015,2.714700000000001,2,7,111.72,4,CHEMBL3639383,COc1cc(/C=C/C(=O)CC(=O)/C=C/c2ccc(O)c(C(F)(F)F)c2)ccc1O,2.1172712956557644
435.3810000000002,3.2682800000000016,2,6,113.39,3,CHEMBL4874507,COc1cc(/C=C/C(=O)N2CC(C(=O)N3CCOCC3)C2)ccc1OCc1ccccc1,4.552315284510609
342.23600000000005,5.431700000000004,0,2,16.380000000000003,3,CHEMBL245476,COc1ccc(/C=C/c2cc(Br)cc(/C=C/c3ccc(OC)c(OC)c3)c2)cc1OC,4.301051709845226
368.4770000000002,3.5161000000000024,1,5,54.70000000000001,7,CHEMBL4463033,COc1cc(O)c2c(=O)cc(-c3ccc(O)cc3)oc2c1-c1c(OC)cc(O)c2c(=O)cc(-c3ccc(O)cc3)oc12,4.238071206130559
365.477,4.737900000000003,2,4,49.52,5,CHEMBL2386721,CC1(C)OC(N)=N[C@](C)(c2nc(NC(=O)c3ncc(C#N)cc3Cl)ccc2F)C1(F)F,0.9030899869919436
392.8460000000001,4.249620000000003,1,5,72.8,4,CHEMBL4845958,COc1cc(-c2cncn2CCC(=O)NCCc2ccccc2)ccc1OCc1ccccc1,3.996117476137288
357.40600000000006,2.6169000000000016,1,6,72.14,7,CHEMBL5408406,Cc1ccc(NC[C@@H]2CCCN3CCCC[C@H]23)c2c(=O)c3cc(O)ccc3sc12,3.7709256146389993
253.236,3.510200000000001,1,3,54.71,1,CHEMBL2048312,NC(=O)c1ccc(-c2cc3cc(O)ccc3o2)c(F)n1,1.6532125137753435
499.0730000000002,4.567900000000004,1,5,87.15,7,CHEMBL231125,CN1CCN(C(=O)OCCCC2CCc3ccccc3N2S(=O)(=O)c2ccc(Cl)cc2)CC1,2.8926510338773004
571.0230000000001,3.7389000000000023,0,8,112.52,6,CHEMBL3653726,CC#Cc1cncc(-c2ccc3c(c2)[C@@]2(N=C(C)C(N)=N2)[C@]2(CC[C@H](O)CC2)C3)c1,0.3010299956639812
264.332,2.866600000000001,2,4,63.83,4,CHEMBL3797363,COc1cc(C(=O)OCC(=O)Nc2c3c(nc4ccccc24)CCCC3)cc(OC)c1OC,1.501606922418829
309.36500000000007,3.176000000000002,0,4,30.93,1,CHEMBL3261067,Cc1cc(C#N)cnc1C(=O)Nc1ccc(F)c([C@]2(C)CO[C@@](C)(C(F)(F)F)C(N)=N2)c1,0.6020599913279624
366.3630000000001,5.120600000000003,2,2,57.53,4,CHEMBL380778,CC(C(=O)O)c1ccc(-c2ccc(OC3CCCCC3)cc2)c(F)c1,4.6127944491389
637.8650000000004,7.469900000000009,2,4,87.74000000000001,16,CHEMBL180239,COc1cc(/C=C/c2cc(/C=C/c3ccc(O)c(OC)c3)[nH]n2)ccc1O,2.678518379040114
238.308,2.780800000000001,2,4,57.53,4,CHEMBL4852639,O=c1cc(/C=C/c2ccc(OCCCN3CCCCC3)cc2)occ1O,3.513350798805957
322.368,3.784100000000002,2,6,70.51,5,CHEMBL2179242,O=C(Nc1ccccc1)Nc1ccc(Cl)cc1[N+](=O)[O-],2.954724790979063
286.23900000000003,2.2824000000000004,4,6,111.13,1,CHEMBL3087679,C[C@@H](C(=O)NCCCNCCCNC1=CC(=O)C(NCCCNCCCNC(=O)[C@H](C)c2ccc(-c3ccccc3)c(F)c2)=CC1=O)c1ccc(-c2ccccc2)c(F)c1,3.6786094165589263
404.5100000000001,5.257900000000006,2,5,53.96000000000001,8,CHEMBL2203384,Fc1ccc2nc(-c3cnc4[nH]ccc4c3)oc2n1,1.4265112613645752
264.32500000000005,2.4711,3,3,78.43,8,CHEMBL5431087,O=c1ccoc(/C=C/c2ccc(N3CCOCC3)cc2)c1O,4.6934719238588585
202.261,2.0339,2,4,63.83,3,CHEMBL28626,O=c1c(O)c(-c2ccc(O)cc2O)oc2cc(O)cc(O)c12,4.481456961417008
258.306,2.5006000000000004,2,6,70.93,2,CHEMBL450553,CCN(CCCCCCN1C(=O)c2ccc3c4c(ccc(c24)C1=O)C(=O)N(CCCCCCN(CC)Cc1ccccc1OC)C3=O)Cc1ccccc1OC,3.986368593570273
458.37500000000017,2.233199999999999,8,11,197.37,3,CHEMBL3087676,O=C(Cc1ccccc1Nc1c(Cl)cccc1Cl)NCCCNCCCNC1=CC(=O)C(NCCCNCCCNC(=O)Cc2ccccc2Nc2c(Cl)cccc2Cl)=CC1=O,3.498448403174
470.92100000000016,4.454100000000004,0,5,69.67,5,CHEMBL3814324,COc1cccc(CNc2nc(N)c3ccccc3n2)c1,4.397957380103888
495.0710000000002,4.707400000000003,3,6,72.53,10,CHEMBL4083601,CCCNc1nc(NCCc2ccccc2)c2ccccc2n1,3.643551368562945
311.34100000000007,2.964700000000001,2,6,76.5,5,CHEMBL4106556,C[C@]1(c2nc(NC(=O)c3ncccc3Cl)ccc2F)N=C(N)OCC1(F)F,1.9493900066449128
481.4570000000002,3.959400000000002,2,8,137.55,12,CHEMBL4287929,O=c1cc(/C=C/c2ccc(O)cc2)occ1O,3.852540985769799
264.332,3.1325200000000013,2,4,63.83,3,CHEMBL5199487,O=C(CCN1CCN(Cc2ccccc2)CC1)Nc1n[nH]c2ncccc12,4.122903649173324
319.861,0.8665999999999998,0,3,19.370000000000005,2,CHEMBL3814103,Cc1cccc(CNc2nc(N)c3ccccc3n2)c1,4.397957380103888
228.247,2.9738000000000016,3,3,60.69,2,CHEMBL279014,CCN(CC)CCNc1ccc(C)c2sc3ccccc3c(=O)c12,4.380229336938037
368.3850000000001,3.3699000000000026,2,6,93.06000000000002,8,CHEMBL4862604,O=c1cc(/C=C/c2ccc(OCCCN3CCOCC3)cc2)occ1O,3.615002614524588
434.5360000000002,3.758300000000003,0,4,59.08,7,CHEMBL140,COc1cc(/C=C/C(=O)CC(=O)/C=C/c2ccc(O)c(OC)c2)ccc1O,4.136752266326663
368.3850000000001,3.3699000000000026,2,6,93.06000000000002,8,CHEMBL4878762,CCn1cc(O)c(=O)cc1/C=C/c1ccc(OCCCN2CCCCC2)cc1,3.484442207642407
270.049,1.7560999999999998,4,5,90.15,1,CHEMBL4161849,C[C@H]1[C@H]2[C@H](C[C@H]3[C@@H]4CC[C@@H]5C[C@@H](OCc6ccccc6)CC[C@]5(C)[C@H]4CC[C@]23C)O[C@@H]1CC[C@H](C)C(=O)NCc1cn(Cc2cscn2)nn1,3.9180827846421873
299.326,2.3524000000000007,1,5,62.91000000000001,3,CHEMBL140,COc1cc(/C=C/C(=O)CC(=O)/C=C/c2ccc(O)c(OC)c2)ccc1O,4.387407624928184
508.0400000000004,2.9867000000000017,1,6,90.39,7,CHEMBL202507,CCCN(CCC)C(=O)c1cccc(C(=O)N[C@@H](CC(C)C)[C@@H](N)C[C@@H](C)C(=O)N[C@H](C(=O)NCc2ccccc2)C(C)C)c1,2.869818207979328
367.4010000000001,2.769300000000001,1,5,76.07000000000001,5,CHEMBL5209194,COc1cc(/C=C/c2cc(/C=C/c3ccc(O)c(OC)c3)n(Cc3ccccc3)n2)ccc1O,4.060735603449318
1151.4229999999998,8.8837,7,13,234.11,29,CHEMBL2425960,O=C(/C=C/c1ccc2c(=O)n(CCc3ccccc3)cnc2c1)NO,4.698978690138799
516.4550000000003,1.0295999999999996,7,11,211.28,7,CHEMBL2048302,Oc1ccc2nc(-c3ccc(NCCF)nc3)sc2c1,1.5314789170422551
442.46200000000016,3.223300000000002,0,4,59.08,7,CHEMBL165,Oc1ccc(/C=C/c2cc(O)cc(O)c2)cc1,4.225335132
265.36,3.5200000000000022,0,3,19.37,2,CHEMBL236189,CC[C@@H]1CCC[C@H](C2(OC(=O)N3CC4CCC(C3)N4CCO)CC2)N1S(=O)(=O)c1ccc(F)c(F)c1,1.4471580313422192
481.38600000000025,6.824300000000007,0,4,36.92,8,CHEMBL236184,CC[C@@H]1CCC[C@H](C2(OC(=O)N3CCN(C(C)(C)CO)CC3)CC2)N1S(=O)(=O)c1ccc(Cl)cc1,0.8976270912904415
362.2710000000002,2.9110000000000014,2,4,70.97,0,CHEMBL3953399,COc1cc(OCc2ccccn2)ccc1/C=C/c1cc(/C=C/c2ccc3cc[nH]c3c2)[nH]n1,3.079543007402906
492.451,2.6995000000000013,0,3,7.12,4,CHEMBL3326698,O=C(NCCCCCNc1c2c(nc3ccccc13)CCCC2)c1cc2ccccc2oc1=O,5.000004342923105
649.5360000000003,0.9988,1,8,112.41,8,CHEMBL253570,O=c1c(O)c(-c2ccc(O)c(O)c2)oc2c(O)c(O)cc(O)c12,3.477265995424853
520.0190000000002,4.035400000000003,1,5,89.54,6,CHEMBL3815150,Nc1nc(NCc2cccc(C(F)(F)F)c2)nc2ccccc12,4.096944755
451.5220000000002,6.010400000000005,1,4,68.39,10,CHEMBL3815002,Nc1nc(NCC2CCCCC2)c2ccccc2n1,4.397957380103888
472.62900000000025,6.035400000000007,1,5,53.010000000000005,13,CHEMBL255493,COc1cc(O)c2c(=O)cc(-c3ccc(O)c(-c4c(O)cc(O)c5c(=O)cc(-c6ccc(O)cc6)oc45)c3)oc2c1,3.6902847025126295
401.51000000000016,5.523000000000006,2,5,55.41,8,CHEMBL236183,CC[C@@H]1CCC[C@H](C2(OC(=O)N3CCN(CCCO)CC3)CC2)N1S(=O)(=O)c1ccc(Cl)cc1,1.2041199826559248
453.5640000000004,5.007900000000004,1,7,84.71000000000001,5,CHEMBL5077699,C[C@@]1(c2cc(NC(=O)c3cnc(C(F)F)cn3)ccc2F)Cn2nc(C#N)cc2C(N)=N1,0.5440680443502757
720.6360000000002,3.126300000000003,10,14,281.2,13,CHEMBL2425958,Cc1nc2cc(/C=C/C(=O)NO)ccc2c(=O)n1CCc1ccccc1,4.698978690138799
425.37100000000015,1.4392999999999998,3,9,150.63,5,CHEMBL3659995,O=C(C[C@@H]1CC[C@@]2(S(=O)(=O)c3ccc(C(F)(F)F)cc3)c3c(F)ccc(F)c3OC[C@H]2C1)NCC(F)(F)F,1.414973347970818
350.85300000000024,4.112900000000002,1,4,63.63,1,CHEMBL140,COc1cc(/C=C/C(=O)CC(=O)/C=C/c2ccc(O)c(OC)c2)ccc1O,3.7324741772811936
349.386,4.291500000000003,5,5,92.95,5,CHEMBL2203380,CNc1ccc(-c2nc3ccc(F)nc3o2)cn1,2.012837224705172
547.6610000000001,7.362800000000007,2,6,78.51,6,CHEMBL116438,COc1cc(/C=C/C(=O)/C=C(O)/C=C/c2ccc(O)c(OC)c2)ccc1O,4.307517431203132
485.54400000000027,5.010560000000004,1,9,108.35,8,CHEMBL4458591,CCN(CC)C(=O)/C=C/c1ccc(O)c(OC)c1,5.312729397539561
506.69100000000026,4.991400000000003,3,4,104.53,12,CHEMBL436483,O=C(O)C1(c2ccc(-c3ccc(OC4CCC(C(F)(F)F)CC4)cc3)c(F)c2)CC1,4.247997802
434.4900000000002,4.619480000000006,1,5,83.75999999999999,2,CHEMBL3958051,COc1ccc(/C=C/C(=O)CC(=O)/C=C/c2ccc(O)c(OC)c2)cc1O,3.322426052405953
365.47300000000007,4.3902000000000045,0,3,38.77,6,CHEMBL5412904,O=c1ccoc(/C=C/c2ccc(O)c(O)c2)c1O,3.837019948540908
325.34300000000013,2.799500000000001,2,5,67.15,3,CHEMBL4761847,O=C(NO)c1ccc(Nc2c3ccccc3nc3ccc(OCc4ccccc4)cc23)cc1,3.477265995424853
329.201,3.5866000000000016,2,4,63.83,3,CHEMBL150,O=c1c(O)c(-c2ccc(O)cc2)oc2cc(O)cc(O)c12,4.875645719848249
441.6230000000004,6.011200000000005,3,3,50.09,4,CHEMBL3692700,O=C(/C=C/c1ccc(C(F)(F)F)cc1)Nc1ccc2c(c1)C[C@H]1CC[C@@H](C2)[C@H]1NS(=O)(=O)c1ccc(Cl)s1,5.301032167130962
243.218,2.4305000000000008,4,3,93.55,1,CHEMBL151,O=c1cc(-c2ccc(O)c(O)c2)oc2cc(O)cc(O)c12,3.8062478271957914
374.484,5.249300000000005,2,4,44.73,7,CHEMBL2203288,COc1ccc(-c2nc3ccc(F)nc3o2)cc1,1.5250448070368452
510.4480000000002,-0.8539,7,13,212.67,8,CHEMBL4849288,Cc1cc2nc3n(c(=O)c2cc1NCc1ccccc1O)CCC3,3.706803097037338
534.0020000000001,3.045200000000001,2,6,109.77,5,CHEMBL3814965,CC(C)Nc1nc(N)nc2ccccc12,4.008642747565285
450.6480000000004,6.188320000000005,1,5,41.57,6,CHEMBL5085412,C[C@@]1(c2cc(NC(=O)c3ccc(F)cn3)ccc2F)Cn2nc(C#N)cc2C(N)=N1,0.5563025007672873
555.6880000000001,7.948880000000006,1,7,95.9,7,CHEMBL2436710,O=c1cc(-c2ccc([N+](=O)[O-])cc2)oc2cc(OCCCN3CCN(CCCNc4c5c(nc6ccccc46)CCCC5)CC3)ccc12,4.149249912590282
279.3771971120001,3.4086000000000016,1,5,47.040000000000006,4,CHEMBL247524,COc1cc(/C=C/c2cccc(/C=C/c3ccc(N)c(OC)c3)n2)ccc1N,2.8457180179666586
328.3240000000001,2.8777000000000013,4,6,107.83,4,CHEMBL297453,O=C(O[C@@H]1Cc2c(O)cc(O)cc2O[C@@H]1c1cc(O)c(O)c(O)c1)c1cc(O)c(O)c(O)c1,3.662852233264797
305.502,3.1984000000000004,1,2,33.120000000000005,0,CHEMBL1458517,Cc1nc2sc3c(c2c(=O)o1)CCCC3,3.079543007402906
434.4880000000001,5.153400000000006,1,6,74.22000000000001,11,CHEMBL2381386,COc1ccc2cc(C(=O)CN3CCC(Cc4ccccc4)CC3)c(=O)oc2c1,4.556314564335347
318.302,3.842900000000001,2,4,63.83,3,CHEMBL3742186,CC1=NN(c2cc(F)ccc2C)C(=O)C1,4.698978690138799
365.43600000000015,5.410100000000004,0,3,37.6,3,CHEMBL3403824,CCO[C@@H]([C@H]1C[C@@H](C)[C@H]2[C@H](O1)[C@H](O)[C@@]1(C)[C@@H]3CC[C@H]4C(C)(C)[C@@H](O[C@H]5CN(CC6CN(C7COC7)C6)CCO5)CC[C@@]45C[C@@]35CC[C@]21C)C(C)(C)O,2.2329961103921536
440.4480000000002,3.2161000000000017,1,8,108.36,11,CHEMBL3815078,Nc1nc(NCc2ccccc2)c2ccccc2n1,3.681331705969166
263.296,3.8164000000000025,2,3,53.35,2,CHEMBL3297746,COc1c(-c2ccc(O)c(O)c2)oc2c(O)c(O)ccc2c1=O,3.7324741772811936
386.4880000000001,5.245120000000006,3,4,94.83,9,CHEMBL165,Oc1ccc(/C=C/c2cc(O)cc(O)c2)cc1,4.094506066454455
593.6730000000002,6.473600000000006,0,10,115.55000000000004,12,CHEMBL5415164,CCCN(SC[C@H]1CCCN2CCCC[C@H]12)C1=C(Cl)C(=O)c2ccccc2C1=O,4.785336954534081
398.4660000000001,3.1696800000000014,1,5,80.46000000000001,4,CHEMBL4125745,O=C(/C=C/c1ccccc1)N[C@@H](Cc1ccc(O)cc1)C(=O)O,5.000004342923105
275.308,3.244700000000001,2,5,58.040000000000006,2,CHEMBL116438,COc1cc(/C=C/C(=O)/C=C(O)/C=C/c2ccc(O)c(OC)c2)ccc1O,2.9036325160842376
381.52000000000015,3.981500000000002,1,5,69.2,4,CHEMBL3913721,COc1cc2c(cc1OC)C(=O)/C(=C/c1ccc(N3CCN(C(=O)c4ccoc4)CC3)cc1)C2,4.03746634
321.336,2.21272,2,5,84.22,3,CHEMBL2408095,COc1ccc(C(=O)/C=C/c2cc(Br)c(OCc3ccccc3)c(OC)c2)c(O)c1,4.096944755
348.40200000000004,4.927200000000004,2,4,75.4,6,CHEMBL5415340,COc1cc(O)c2c(c1)C[C@@H]1c3c(cc4c(c3-2)OCO4)CC[N@@+]1(C)[O-],4.698978690138799
526.0990000000003,3.331000000000002,1,6,90.39,8,CHEMBL231547,O=C(NC1CCN(Cc2ccccc2)CC1)OC[C@H]1CC[C@@H](c2ccccc2)N1S(=O)(=O)c1ccc(Cl)cc1,2.14921911265538
327.3800000000001,2.770500000000001,2,5,62.16,2,CHEMBL5085959,C[C@@]1(c2cc(NC(=O)c3ncc(Cl)cc3Cl)ccc2F)CO[C@@](C)(C(F)(F)F)C(N)=N1,1.3617278360175928
367.4930000000001,3.591400000000002,1,5,69.2,4,CHEMBL5289087,CC(C)(C)c1ccc(-c2cc(N3CC(CN4CCCC4)C3)c3nonc3c2)cc1,2.7930916
405.32100000000014,3.763200000000002,2,5,80.37,3,CHEMBL4878858,COc1cc(/C=C/C(=O)N2CCC[C@H]2C(=O)NCc2ccccc2)ccc1OCc1ccccc1,4.272329043274018
514.4830000000002,4.6697200000000025,0,7,78.07000000000001,5,CHEMBL4871713,O=C(Nc1ccc2nc3n(c(=O)c2c1)CCC3)c1cc2ccccc2s1,3.3619166186686438
376.3910000000002,3.523820000000001,2,4,79.78,2,CHEMBL289556,O=C(N[C@H]1CCS[C@H]2CCC[C@@H](C(=O)O)N2C1=O)[C@@H](S)Cc1ccccc1,2.302179353813201
488.6280000000002,5.653900000000007,1,6,62.24000000000001,13,CHEMBL1208904,COc1ccc(-c2cc(=O)c3c(O)cc(OC)c(-c4cc(-c5cc(=O)c6c(O)cc(OC)cc6o5)ccc4O)c3o2)cc1,4.698978690138799
368.3850000000001,3.369900000000001,2,6,93.06,8,CHEMBL3813788,COc1ccc(CNc2nc(N)nc3ccccc23)cc1,4.397957380103888
571.0230000000001,3.7389000000000023,0,8,112.52,6,CHEMBL3947671,CO[C@H]1CC[C@]2(CC1)Cc1cc(F)c(-c3cc(Cl)cc(C#N)c3)cc1C21N=C(C)C(N)=N1,0.4313637641589873
258.252,3.3812000000000006,2,4,58.29,2,CHEMBL1744460,[3H]C([3H])([3H])N(c1ccc(-c2nc3ccc(O)cc3s2)cn1)C([3H])([3H])[3H],1.3010299956639813
333.387,4.585900000000003,4,4,72.72,5,CHEMBL2203379,CN(C)c1ccc(-c2nc3ccc(F)nc3o2)cc1,0.6989700043360189
494.03900000000016,4.888400000000004,2,6,69.73,7,CHEMBL4089722,COc1ccc(CNc2nc(N=[N+]=[N-])nc3ccccc23)cc1OC,3.8573928109209015
398.4150000000001,1.8581,6,6,139.12,8,CHEMBL4172159,COc1ccc(Nc2nc(Cl)nc(N3CCN(c4cc(C)nc5ncnn45)CC3)n2)cc1,4.0626195838543415
356.3930000000001,4.166700000000004,1,3,55.760000000000005,5,CHEMBL5200867,CCCSC(=O)/C=C/c1ccc(O)c(O)c1,3.6010817277840235
516.4550000000003,1.0295999999999996,7,11,211.28,7,CHEMBL2048300,COc1ccc2nc(-c3ccc(NCCF)nc3)oc2c1,1.5563025007672873
309.3690000000001,3.301600000000001,1,5,56.27,6,CHEMBL2386725,C[C@]1(c2nc(NC(=O)c3ncc(OCC(F)F)nc3N)ccc2F)N=C(N)OCC1(F)F,2.6444385894678386
559.1260000000002,5.783900000000005,3,4,104.53,12,CHEMBL197140,CC1(C)CC(Oc2ccc(-c3ccc(C4(C(=O)O)CC4)cc3F)cc2)CC(C)(C)C1,4.041432164680265
512.0720000000003,2.940900000000001,1,6,90.39,7,CHEMBL410532,CCC[C@H](C(N)=O)[C@@H](CC(C)C)C(=O)N[C@H]1CCCCN(Cc2cccc(Nc3cccc(OC)c3)c2)C1=O,1.740362689494244
454.5260000000001,5.949920000000007,2,6,76.74,7,CHEMBL4854597,CCN(CCCCCCOc1ccc(C(=O)/C=C/c2ccc(N(C)C)cc2)c(O)c1)Cc1ccccc1OC,3.1734776434529945
426.52000000000015,5.2141000000000055,0,6,54.63,6,CHEMBL4863425,CNS(=O)(=O)c1cc(C(N)=O)c(NCc2ccco2)cc1Cl,4.915985184032798
403.4730000000001,3.8366000000000025,1,5,69.2,4,CHEMBL5285691,c1ccc(Oc2ccc(-c3cc(N4CC(CN5CCCC5)C4)c4nonc4c3)cc2)cc1,2.7168377232995247
550.5310000000002,3.4883000000000024,0,4,16.35,7,CHEMBL3326709,O=C(NCCCCCCNc1c2c(nc3ccccc13)CCCC2)c1cc2cc(OC(F)(F)F)ccc2oc1=O,4.3838333116626265
566.5180000000003,6.159700000000006,3,10,148.8,6,CHEMBL4226684,O=C(NCCN1CCCCC1)c1cc(Nc2ccccc2CN2CCOCC2)cc(C(=O)NCCN2CCCCC2)c1,4.000043427276863
644.8599999999999,7.946000000000009,1,7,70.84,14,CHEMBL2407101,CCOCCCOc1ccc(/C=C/C(=O)c2ccc(OC)cc2O)cc1OC,3.763502865467597
416.4700000000002,3.9015200000000023,4,6,124.29000000000002,8,CHEMBL4750451,O=C(CCCCCN1CCC2c3ccccc3NC2C1)Oc1ccc(/C=C2\CCn3c2nc2ccccc2c3=O)cc1,4.179580513395409
416.6460000000002,5.793800000000006,1,3,38.69,0,CHEMBL4101130,Cn1cc(C2CCNCC2)c2ccc(Nc3ccc(F)c(F)c3)cc21,4.623259631
481.4570000000002,3.959400000000002,2,8,137.55,12,CHEMBL4850978,CCN(CCCCOc1ccc(C(=O)/C=C/c2ccc(N(C)C)cc2)c(O)c1)Cc1ccccc1,3.577606677362536
325.32000000000005,3.434400000000002,0,5,78.67,4,CHEMBL4870723,CNS(=O)(=O)c1cc(C(=O)N(C)C)c(NCc2ccco2)cc1Cl,3.8169700377573
228.247,2.9738000000000016,3,3,60.69,2,CHEMBL3609749,COc1cc(-c2cn([C@H]3CCc4c(F)cccc4N(CC(F)(F)F)C3=O)nn2)ccc1-n1cnc(C)c1,1.505149978319906
350.4220000000001,3.833400000000002,2,6,68.3,7,CHEMBL4108644,CC(F)(F)c1nc(N)c(C(=O)Nc2ccc(F)c([C@@]3(C)N=C(N)OCC3(F)F)n2)nc1Cl,3.81298016603948
548.3880000000003,4.939100000000003,2,8,119.36,10,CHEMBL3814631,Nc1nc(NCc2ccc(Br)cc2)c2ccccc2n1,1.9084850188786495
445.51500000000016,4.989200000000005,1,5,77.62,10,CHEMBL5205489,Nc1nn(-c2c3c(nc4ccc([N+](=O)[O-])cc24)CCCC3)c2ncccc12,4.501894167799294
379.39000000000016,2.6179,3,7,78.0,5,CHEMBL4069995,c1cc2ncc(Nc3ccc4cc[nH]c4n3)cc2[nH]1,4.376595204340475
373.4560000000001,4.604000000000003,2,5,83.39,6,CHEMBL236191,CC[C@@H]1CCC[C@H](C2(OC(=O)N3CCN(C(C)(C)CO)CC3)CC2)N1S(=O)(=O)c1cc(F)cc(F)c1,1.9138138523837167
419.4370000000002,4.276400000000002,3,7,101.94,6,CHEMBL4227357,O=C(/C=C/c1ccccc1Cl)N1CCN(Cc2ccc(O)c3ncccc23)CC1,3.8663464227496016
337.37900000000013,2.6690000000000005,2,6,76.38,4,CHEMBL4753795,COc1cc2nc3ccccc3c(Nc3ccc(C(=O)NO)cc3)c2c(OC)c1OC,4.113976758289846
566.5180000000004,5.7400000000000055,4,10,159.8,5,CHEMBL4226332,CN(C)Cc1ccccc1Nc1cc(CNCCN2CCCCC2)cc(CNCCN2CCCCC2)c1,4.000043427276863
408.5450000000001,1.941,3,5,86.71000000000001,5,CHEMBL4161552,Cc1cc(N2CCN(c3nc(Cl)nc(Nc4ccc(F)cc4)n3)CC2)n2ncnc2n1,4.201151228
576.7860000000003,3.693800000000002,3,7,89.17999999999999,12,CHEMBL165,Oc1ccc(/C=C/c2cc(O)cc(O)c2)cc1,3.041787318971752
328.49600000000004,6.367920000000007,2,2,40.46,8,CHEMBL5410783,O=c1ccoc(/C=C/c2ccc([N+](=O)[O-])cc2)c1O,4.581505926007546
318.302,3.842900000000001,2,4,63.83,3,CHEMBL140,COc1cc(/C=C/C(=O)CC(=O)/C=C/c2ccc(O)c(OC)c2)ccc1O,4.053116875
341.4510000000001,4.075200000000003,0,3,38.77,9,CHEMBL4475538,CN1c2ccccc2Sc2cc(/C=C3/SC(=S)N(CC(=O)OCC4COC(C)(C)O4)C3=O)ccc21,1.7853298350107671
390.3250000000003,3.9552000000000014,1,4,59.97,1,CHEMBL3922564,CN(C)c1ccc(-c2cc(=O)c3ccc(OCC(=O)NCCCCCCNc4c5c(nc6ccccc46)CCCC5)cc3o2)cc1,3.976395837
752.7680000000004,5.701300000000007,0,14,187.52,16,CHEMBL3330736,CNc1ccc2nc3ccc(N(C)C)cc3[s+]c2c1.[Cl-],3.477265995424853
566.5180000000003,5.740000000000006,4,10,159.8,5,CHEMBL317760,CCN(CC)Cc1cc(NC(=O)CN2CCCCC2)cc(Nc2ccnc3cc(Cl)ccc23)c1,3.447313108823568
504.3790000000001,5.786000000000004,2,6,93.06,8,CHEMBL3814748,Nc1nc(NCc2cccc(F)c2)c2ccccc2n1,3.447313108823568
566.5180000000004,5.7400000000000055,4,10,159.8,5,CHEMBL4226598,CN1CCN(Cc2ccccc2-c2cc(C(=O)NCCN3CCCCC3)cc(C(=O)NCCN3CCCCC3)c2)CC1,4.000043427276863
375.424,4.440000000000003,1,4,68.39,8,CHEMBL5190530,Cc1ccc2nc3c(c(NCCO)c2c1)CCCC3,3.4705574852172743
372.5050000000001,6.066120000000007,3,3,77.76,9,CHEMBL5434938,Cc1ccc(NCCC[C@@H]2CCCN3CCCC[C@H]23)c2c(=O)c3cc(O)ccc3sc12,3.4625477288026643
254.224,2.9052000000000007,1,4,67.6,1,CHEMBL2059205,CN(C)c1cc(/C=C/c2cc(/C=C/c3ccc(O)c(N(C)C)c3)ncn2)ccc1O,3.568319085095112
500.5950000000002,4.473600000000003,1,5,77.10000000000001,11,CHEMBL4466197,OB1Oc2cc(O)ccc2C=C1c1cc(O)cc(O)c1,4.3364797469579965
654.886,10.93007999999999,1,7,75.05000000000001,7,CHEMBL5195740,COc1cc(/C=C/c2cc(/C=C/c3ccc(OCC(=O)O)c(OC)c3)on2)ccc1OCC(=O)O,4.602070848554296
470.5690000000001,4.594800000000004,1,4,67.87,9,CHEMBL5412904,O=c1ccoc(/C=C/c2ccc(O)c(O)c2)c1O,3.5671440451956573
322.3160000000001,2.2062,1,5,84.58000000000001,0,CHEMBL3330752,COc1ccc(-c2cc3c(s2)c2sc(-c4ccc(C=C(C#N)C#N)s4)cc2n3C(C)(C)C)cc1,4.000043427276863
436.6210000000004,5.798220000000005,1,5,41.57,5,CHEMBL5084378,C[C@@]1(c2cc(NC(=O)c3ccc(C#N)cn3)ccc2F)Cn2nc(C#N)cc2C(N)=N1,0.3010299956639812
416.5210000000001,5.276200000000007,3,5,67.17,6,CHEMBL1744463,[3H]C([3H])([3H])N(c1ccc(-c2nc3ccc(O)cc3o2)cn1)C([3H])([3H])[3H],1.934498451243568
414.8700000000002,3.346900000000003,1,7,73.06,4,CHEMBL2425960,O=C(/C=C/c1ccc2c(=O)n(CCc3ccccc3)cnc2c1)NO,3.740441644949766
318.237,1.6935999999999998,6,8,151.59,1,CHEMBL4227963,CN(C)Cc1ccccc1-c1cc(CNCCN2CCCCC2)cc(CNCCN2CCCCC2)c1,4.000043427276863
365.4140000000001,2.3883200000000007,1,7,76.72,3,CHEMBL858,O=C(O)CN(CCN(CC(=O)O)CC(=O)O)CC(=O)O,3.886547123391106
538.1540000000003,5.281300000000006,0,5,70.16,6,CHEMBL382880,CCC[C@H](C(N)=O)[C@@H](CC(C)C)C(=O)N[C@H]1CCCCN(Cc2cccc(Nc3ccccc3Cl)c2)C1=O,1.4771212547196624
414.4040000000002,2.04716,2,8,145.76999999999998,3,CHEMBL4861631,COc1ccc2[nH]c(C(=O)Nc3cc4c(=O)n5c(nc4cc3C)CCC5)cc2c1,3.785401024992388
385.5330000000002,4.149300000000002,2,6,67.59,8,CHEMBL3670371,C[C@@]1(c2nc(NC(=O)c3ncc(OC(F)F)cc3Cl)ccc2F)CO[C@@](C)(C(F)(F)F)C(N)=N1,1.3979400086720375
447.7760000000001,3.0226000000000006,2,7,111.72,5,CHEMBL3667038,CC(C(=O)/C=C/c1ccc(O)c(OC(F)(F)F)c1)C(=O)/C=C/c1ccc(O)c(OC(F)(F)F)c1,2.506505032404872
474.5570000000001,3.9889000000000023,2,5,85.89,13,CHEMBL4527242,CCN(CCCCNC(=O)c1cc(O)c(C(=O)NCCCCN(CC)Cc2ccccc2)cc1O)Cc1ccccc1,3.586699801624049
328.496,6.367920000000007,2,2,40.46,8,CHEMBL4228823,O=C(/C=C/c1ccccc1)N1CCN(Cc2ccc(O)c3ncccc23)CC1,3.9474827365569194
476.9200000000001,5.084900000000005,2,8,102.52,7,CHEMBL4873761,CCN(CCCCOc1ccc(C(=O)/C=C/c2ccc(N(C)C)cc2)c(O)c1)Cc1ccccc1OC,3.170555058521209
585.0500000000001,3.926100000000004,1,8,125.65,6,CHEMBL3969309,CO[C@H]1CC[C@]2(CC1)Cc1cc(F)c(-c3cncc(Cl)c3)cc1C21N=C(C)C(N)=N1,0.6020599913279624
402.37200000000007,5.469600000000003,2,4,75.4,6,CHEMBL4850077,CNS(=O)(=O)c1cc(CO)c(NCc2ccco2)cc1Cl,5.070004600224455
246.218,1.927000000000001,3,5,90.9,2,CHEMBL4845823,CCN(C)C(=O)Oc1cccc(CNCCNCCOc2cccc3c2ccn3S(=O)(=O)c2ccccc2)c1,3.140193678578631
450.3960000000001,2.9717,2,7,126.28,3,CHEMBL4878181,COc1cc(/C=C/C(=O)N(C)OC)ccc1OCc1ccccc1,4.902389121915421
228.247,2.9738000000000016,3,3,60.69,2,CHEMBL3629737,CC1(C)OCC2(CCC[C@@]3(S(=O)(=O)c4ccc(Cl)cc4)c4c(F)ccc(F)c4OC[C@@H]23)CO1,1.829946695941636
1518.9190000000003,1.6454999999999806,12,20,441.8499999999999,33,CHEMBL5274298,COC(=O)c1cc(O)cc(OC)c1C(=O)c1c(O)cc(CO[C@H]2O[C@H](CO)[C@@H](O)[C@H](O)[C@H]2O)cc1O,3.0132586652835167
269.23900000000003,2.3106,0,6,69.63,1,CHEMBL2048314,CNc1ccc(-c2cc3cc(C(N)=O)ccc3o2)nc1F,1.5185139398778875
347.34900000000005,4.389700000000002,3,4,74.25,3,CHEMBL4227890,O=C(/C=C/c1ccc(F)cc1)N1CCN(Cc2ccc(O)c3ncccc23)CC1,4.058463985602251
286.262,2.7414000000000005,1,4,78.35000000000001,3,CHEMBL1788121,[3H]N(c1ccc(-c2nc3ccc(O)cc3s2)cn1)C([3H])([3H])[3H],1.7708520116421442
246.218,1.927000000000001,3,5,90.9,2,CHEMBL4846858,C/C(=C\Cc1c(O)cc(C)c(C(=O)O)c1O)CCCC1=C/C(=C\C(C)(C)O)OC1=O,4.710971568222072
500.06100000000015,2.939300000000001,1,6,90.39,5,CHEMBL389549,O=C(NCCCn1ccnc1)OCCC1CCc2ccccc2N1S(=O)(=O)c1ccc(Cl)cc1,2.44870632
381.52000000000015,3.981500000000002,1,5,69.2,5,CHEMBL5283208,COc1cc2c(cc1OC)C(=O)/C(=C/c1ccc([N+](=O)[O-])cc1)C2,3.2555137128195333
500.5950000000002,4.473600000000003,1,5,77.10000000000001,11,CHEMBL165,Oc1ccc(/C=C/c2cc(O)cc(O)c2)cc1,4.316620251635936
460.48700000000025,0.5710000000000024,5,8,176.91999999999996,11,CHEMBL3670375,C[C@@]1(c2nc(NC(=O)c3ncc(C(F)(F)F)cc3Cl)ccc2F)CO[C@@](C)(C(F)(F)F)C(N)=N1,0.6989700043360189
428.5760000000002,6.176600000000007,0,4,24.940000000000005,8,CHEMBL394132,CC[C@@H]1CCC[C@H](C2(OC(=O)N3CCC(CCO)(OC)CC3)CC2)N1S(=O)(=O)c1ccc(Cl)cc1,1.0
466.7160000000002,6.522820000000007,1,5,32.34,7,CHEMBL2152899,C[C@@]1(c2cc(NC(=O)c3ccc(C#N)cn3)ccc2F)Cn2c(C#N)cnc2C(N)=N1,0.6334684555795865
368.3850000000001,3.852600000000003,3,6,96.22,7,CHEMBL5189854,COc1cc(/C=C/c2cc(/C=C/c3ccc(O)c(OC)c3)n(-c3ccc([N+](=O)[O-])cc3)n2)ccc1O,3.5441921107650325
393.5560000000001,4.673300000000005,2,5,58.36,3,CHEMBL3261067,Cc1cc(C#N)cnc1C(=O)Nc1ccc(F)c([C@]2(C)CO[C@@](C)(C(F)(F)F)C(N)=N2)c1,1.995635195
414.9110000000002,4.101900000000002,3,5,108.64,11,CHEMBL6246,O=c1oc2c(O)c(O)cc3c(=O)oc4c(O)c(O)cc1c4c23,5.000004342923105
315.39400000000006,3.069000000000002,1,5,53.68000000000001,3,CHEMBL378225,C[C@@H](NC(=O)c1cc(C(=O)N[C@@H](Cc2ccccc2)[C@H](O)CNC2CC2)cc(N(C)S(C)(=O)=O)c1)c1ccccc1,5.000004342923105
418.9280000000003,4.340580000000003,2,5,94.76,1,CHEMBL3892054,COc1cc(/C=C/C(=O)CC(=O)/C=C/c2ccccc2)ccc1O,3.342620042553348
368.3850000000001,3.3699000000000026,2,6,93.06000000000002,8,CHEMBL3815078,Nc1nc(NCc2ccccc2)c2ccccc2n1,4.397957380103888
355.434,3.770600000000003,1,5,62.91,7,CHEMBL4451935,CCN(CCCCCCNC(=O)c1cc(O)c(C(=O)NCCCCCCN(CC)Cc2ccccc2OC)cc1O)Cc1ccccc1OC,3.5199591807520685
